Platz;Jahr;Titel;Interpret;Geschlecht ;Sprache;Genre 
1;2018;In My Mind ;Dynoro und Gigi D'Agostino;Männlich;Englisch ;Electronic/ Dance 
2;2018;Perfect;Ed Sheeran ;Männlich;Englisch ;Pop
3;2018;Was du Liebe nennst;Bausa;Männlich;Deutsch ;HipHop/ Rap
4;2018;One Kiss;Calvin Harris und Dua Lipa ;Gemischt;Englisch ;Pop
5;2018;Nevermind;Dennis Lloyd;Männlich;Englisch ;Pop
6;2018;Bella Ciao (Hugel Remix);El Professor;Männlich;Italienisch ;Electronic/Dance 
7;2018;Je ne parle pas francais (Beatgees Remix);Namika feat. Black M;Weiblich;Deutsch ;HipHop/ Rap
8;2018;Solo;Clean Bandit feat. Demi Lovato;Gemischt;Englisch ;Electronic/ Dance 
9;2018;Friends ;Marshmello und Anne-Marie;Gemischt;Englisch ;Pop
10;2018;Echame la culpa ;Luis Fansi und Demi Lovato ;Gemischt;Spanisch ;Pop
11;2018;Magisch;Olexesh feat. Edin ;Männlich;Deutsch ;HipHop/ Rap
12;2018;God's Plan;Drake ;Männlich;Englisch ;HipHop/ Rap
13;2018;These Days ;Rudimental feat. Jess Glynne, Macklemore und Dan Caplen ;Gemischt;Englisch ;Electronic/Dance 
14;2018;Havana ;Camilla Cabello feat. Young Thug;Gemischt;Englisch ;Pop
15;2018;Neymar;Capital Bra feat. Ufo361;Männlich;Deutsch ;HipHop/ Rap
16;2018;500 PS;Monez MC und RAF Camora ;Männlich;Deutsch ;HipHop/ Rap
17;2018;River;Eminem feat. Ed Sheeran ;Männlich;Englisch ;HipHop/ Rap
18;2018;Casanova ;Summer Cem und Bausa ;Männlich;Deutsch ;HipHop/ Rap
19;2018;Rooftop;Nico Santos ;Männlich;Englisch ;Pop
20;2018;Body ;Loud Luxury feat. Brando ;Männlich;Englisch ;Electronic/ Dance 
21;2018;Rockstar;Post Malone feat. 21 Savage ;Männlich;Englisch ;HipHop/ Rap
22;2018;Flames;David Guetta und Sia;Gemischt;Englisch ;Pop
23;2018;Leave a light on ;Tom Walker ;Männlich;Englisch ;Pop
24;2018;Melodien ;Capital Bra feat. Juju;Gemischt;Deutsch ;HipHop/ Rap
25;2018;Girls Like You ;Maroon 5 feat. Cardi B;Gemischt;Englisch ;Pop
26;2018;One Night Stand ;Capital Bra ;Männlich;Deutsch ;HipHop/ Rap
27;2018;Zusammen ;Die fantastischen Vier feat. Clueso ;Männlich;Deutsch ;Pop
28;2018;La cintura ;Alvaro Soler ;Männlich;Spanisch ;Pop
29;2018;Rise;Jonas Blue feat. Jack und Jack ;Männlich;Englisch ;Electronic/ Dance 
30;2018;Barking ;Ramz;Männlich;Englisch ;HipHop/ Rap
31;2018;Sick Boy ;The Chainsmokers ;Männlich;Englisch ;Pop
32;2018;Leiser ;LEA ;Weiblich;Deutsch ;Pop
33;2018;So Far Away;Martin Garrix und David Guetta feat. Jamie Scott und Ramy Dya;Gemischt;Englisch ;Pop
34;2018;Shape Of You ;Es Sheeran ;Männlich;Englisch ;Pop
35;2018;Better Now;Post Malone  ;Männlich;Englisch ;HipHop/ Rap
36;2018;Tip Toe ;Jason Derulo feat. French Montana ;Männlich;Englisch ;Pop 
37;2018;For You (Fifty Shades Freed);Liam Payne und Rita Ora ;Gemischt;Englisch ;Pop
38;2018;Promises ;Calvin Harris und Sam Smith ;Männlich;Englisch ;Electronic/ Dance 
39;2018;Say Something ;Justin Timberlake und Chris Stapelton ;Männlich;Englisch ;Pop
40;2018;I Like It ;Cardi B, Bab Bunny und J Balvin ;Gemischt;Englisch ;HipHop/ Rap
41;2018;Him and I ;G-Eazy und Halsey ;Gemischt;Englisch ;HipHop/ Rap
42;2018;Crazy ;Lost Frequencies und Zonderling ;Männlich;Englisch ;Electronic/ Dance 
43;2018;Tamam Tamam ;Summer Cem  ;Männlich;Deutsch ;HipHop/ Rap
44;2018;X;Nicky Jam x J Balvin ;Männlich;Spanisch ;Electronic/ Dance 
45;2018;Breathe ;Jax Jones feat. Ina Wroldsen ;Gemischt;Englisch ;Electronic/ Dance 
46;2018;Katchi ;Ofenbach vs. Nick Waterhouse ;Männlich;Englisch ;R&B/ Soul 
47;2018;Despacito;Luis Fonsi feat. Daddy Yankee;Männlich;Spanisch ;Pop
48;2018;IDGAF;Dua Lipa ;Weiblich;Englisch ;Pop
49;2018;The Middle ;Zedd, Maren Morris, Grey;Gemischt;Englisch ;Pop
50;2018;Dior 2011;Rin ;Männlich;Deutsch ;HipHop/ Rap
51;2018;Qa bone ;Azet feat. RAF Camora ;Männlich;Deutsch ;HipHop/ Rap
52;2018;Kokain ;Bonez MC und RAF Camora feat. Gzuz;Männlich;Deutsch ;HipHop/ Rap
53;2018;Blah Blah Blah ;Armin van Buuren ;Männlich;Englisch ;Electronic/ Dance 
54;2018;High Hopes ;Panic! At the Disco ;Männlich;Englisch ;Indie 
55;2018;5 Songs in einer Nacht ;Capital Bra ;Männlich;Deutsch ;HipHop/ Rap
56;2018;Friends ;Justin Bieber und BloodPop;Männlich;Englisch ;Pop
57;2018;Eastside ;Benny Blanco, Halsey und Khalid;Gemischt;Englisch ;Pop
58;2018;In my Feelings ;Drake ;Männlich;Englisch ;HipHop/ Rap
59;2018;Senorita ;Kay One feat. Pietro Lombardi ;Männlich;Deutsch ;HipHop/ Rap
60;2018;Unforgettable ;Robin Schulz und Marc Scibilia;Männlich;Englisch ;Electronic/ Dance 
61;2018;No Tears Left To Cry ;Ariana Grande ;Weiblich;Englisch ;Pop 
62;2018;Mad Love ;Sean Paul und David Guetta feat. Becky G. ;Gemischt;Englisch ;Pop
63;2018;Change my Mind ;ELI;Männlich;Englisch ;Pop
64;2018;Let you down ;NF;Männlich;Englisch ;HipHop/ Rap
65;2018;Rimind me to forget;Kygo feat. Miguel ;Männlich;Englisch ;Electronic/ Dance 
66;2018;Shotgut ;George Ezra ;Männlich;Englisch ;Pop
67;2018;Is it Love?;Rea Garvey feat. Kool Savas;Männlich;Englisch ;Pop
68;2018;Anywhere ;Rita Ora ;Weiblich;Englisch ;Pop
69;2018;Facetime ;Dardan ;Männlich;Deutsch ;HipHop/ Rap
70;2018;Mercedes;Eno ;Männlich;Deutsch ;HipHop/ Rap
71;2018;Wolves ;Selene Gomez x Marshmello;Gemischt;Englisch ;Electronic/ Dance 
72;2018;Sad!;XXXTentacion;Männlich;Englisch ;HipHop/ Rap
73;2018;Copacabana;Leon Machere ;Männlich;Deutsch ;Pop
74;2018;Psycho ;Post Malone feat. Ty Dolla $ign ;Männlich;Englisch ;HipHop/ Rap
75;2018;Silence ;Marshmello feat. Khalid;Männlich;Englisch ;Electronic/ Dance 
76;2018;Feel It Still ;Portugal. The Man ;Männlich;Englisch ;Indie 
77;2018;Phänomenal ;Pietro Lombardi ;Männlich;Deutsch ;Pop
78;2018;Happier ;Marshmello und Bastille ;Männlich;Englisch ;Electronic/ Dance 
79;2018;Euch für alle ;Bushido feat. Samra und Capital Bra ;Männlich;Deutsch ;HipHop/ Rap
80;2018;Bonnie und Clyde;Loredana x Mozzik ;Gemischt;Deutsch ;HipHop/ Rap
81;2018;Risiko ;Bonez MC und RAF Camora  ;Männlich;Deutsch ;HipHop/ Rap
82;2018;More Than You Know ;Axwell und Ingrosso ;Männlich;Englisch ;Electronic/ Dance 
83;2018;Paradise ;George Ezra ;Männlich;Englisch ;Pop
84;2018;Be Alright ;Dean Lewis ;Männlich;Englisch ;Pop
85;2018;More Than Friends ;James Hype feat. Kelli-Leigh ;Gemischt;Englisch ;Electronic/ Dance 
86;2018;Whatever It Takes ;Imagine Dragons ;Männlich;Englisch ;Pop
87;2018;Born To Be Yours ;Kygo und Imagine Dragons ;Männlich;Englisch ;Electronic/ Dance 
88;2018;Berlin lebt ;Capital Bra ;Männlich;Deutsch ;HipHop/ Rap
89;2018;In My Blood;Shawn Mendes ;Männlich;Englisch ;Pop
90;2018;Mi gente ;J Balvin und Willy William ;Männlich;Spanisch ;Reggeaton 
91;2018;Dusk Till Dawn ;Zayn feat. Sia ;Gemischt;Englisch ;Pop
92;2018;Only Thing We Know ;Alle Farben, Kelvin Jones und Younotus ;Männlich;Englisch ;Electronic/ Dance 
93;2018;Jennie ;Felix Jaehn feat. R. City und Bori;Männlich;Englisch ;Electronic/ Dance 
94;2018;2002;Anne-Marie ;Weiblich;Englisch ;Pop
95;2018;An Wunder ;Wincent Weiss;Männlich;Deutsch ;Pop
96;2018;Oh Child ;Robin Schulz und Piso 21 ;Männlich;Englisch ;Electronic/ Dance 
97;2018;Immer wenn wir uns sehn ;LEA x Cyril ;Gemischt;Deutsch ;Pop
98;2018;Primo ;RAF Camora ;Männlich;Deutsch ;HipHop/ Rap
99;2018;Standard ;KitschKrieg feat. Trettmann, Gringo, Ufo361 und Gzuz;Männlich;Deutsch ;HipHop/ Rap
100;2018;New Rules ;Dua Lipa ;Weiblich;Englisch ;Pop
1;2017;Shape Of You ;Ed Sheeran ;Männlich;Englisch ;Pop
2;2017;Despacito ;Luis Fonsi feat. Daddy Yankee;Männlich;Spanisch ;Pop
3;2017;Something Just Like This ;The Chainsmokers und Coldplay;Männlich;Englisch ;Electronic/ Dance 
4;2017;Thunder ;Imagine Dragons ;Männlich;Englisch ;Pop
5;2017;Tuesday ;Burak Yeter feat. Danelle Sandoval ;Gemischt;Englisch ;Electronic/ Dance 
6;2017;More Than You Know ;Axwell und Ingrosso ;Männlich;Englisch ;Electronic/ Dance 
7;2017;OK;Robin Schulz feat. James Blunt;Männlich;Englisch ;Electronic/ Dance 
8;2017;Was du Liebe nennst;Bausa ;Männlich;Deutsch ;HipHop/ Rap
9;2017;Unforgettable ;French Montana feat. Swae Lee;Männlich;Englisch ;HipHop/ Rap
10;2017;Galway Girl;Ed Sheeran ;Männlich;Englisch ;Pop
11;2017;Swalla ;Jason Derula feat. Nicki Minaj und Ty Dolla $ign ;Gemischt;Englisch ;Pop
12;2017;Perfect ;Es Sheeran ;Männlich;Englisch ;Pop
13;2017;It Aint Me ;Kygo und Selena Gomez ;Gemischt;Englisch ;Electronic/ Dance 
14;2017;No Roots ;Alice Merton ;Weiblich;Deutsch ;Pop
15;2017;Mi gente ;J Balvin und Willy William ;Männlich;Spanisch ;Reggeaton 
16;2017;Mama ;Jonas Blue feat. William Singe ;Männlich;Englisch ;Electronic/ Dance 
17;2017;Ohne mein Team ;Monez MC und RAF Camora feat. Maxwell;Männlich;Deutsch ;HipHop/ Rap
18;2017;Havana ;Camilla Cabello feat. Young Thug;Gemischt;Englisch ;Pop
19;2017;Theres Nothing Holding Me Back ;Shawn Mendes ;Männlich;Englisch ;Pop
20;2017;You Dont Know Me ;Jax Jones feat. Raye;Gemischt;Englisch ;Electronic/ Dance 
21;2017;Rockstar ;Post Malone feat. 21 Savage ;Männlich;Englisch ;HipHop/ Rap
22;2017;Attention ;Charlie Puth ;Männlich;Englisch ;Pop
23;2017;Castle On The Hill;Ed Sheeran ;Männlich;Englisch ;Pop
24;2017;Dask Till Dawn ;Zayn feat. Sia ;Gemischt;Englisch ;Pop
25;2017;Senorita ;Kay One feat. Pietro Lombardi ;Männlich;Deutsch ;HipHop/ Rap
26;2017;Be Mine ;Ofenbach  ;Männlich;Englisch ;Electronic/ Dance 
27;2017;Your Song ;Rita Ora ;Weiblich;Englisch ;Pop
28;2017;Wild Thoughts ;DJ Khaled feat Rihanna und Bryson Tiller ;Gemischt;Englisch ;HipHop/ Rap
29;2017;Rockabye ;Clean Bandit feat. Sean Paul und Anne-Marie ;Gemischt;Englisch ;Electronic/ Dance 
30;2017;Strip That Down ;Liam Payne feat. Quavo;Männlich;Englisch ;Pop
31;2017;Heute mit mir ;Nimo ;Männlich;Deutsch ;Pop
32;2017;I Dont Wanna Live Forever ;Zayn und Taylor Swift ;Gemischt;Englisch ;Electronic/ Dance 
33;2017;Seubeme La Radio ;Enrique Iglesias feat. Descemer Bueno, Zion und Lennox ;Männlich;Spanisch ;Pop
34;2017;Symphony;Clean Bandit feat. Zara Larsson ;Gemischt;Englisch ;Pop
35;2017;Friends ;Justin Bieber und BloodPop;Männlich;Englisch ;Pop
36;2017;Wohin Du Willst ;Gestört aber Geil feat. LEA ;Weiblich;Deutsch ;Electronic/ Dance 
37;2017;Believer ;Imagine Dragons ;Männlich;Englisch ;Pop
38;2017;Paris ;The Chainsmokers ;Männlich;Englisch ;Electronic/ Dance 
39;2017;What About Us ;P!nk ;Weiblich;Englisch ;Pop
40;2017;Im The One ;DJ Khaled feat. Justin Bieber, Quavo, Chance The Rapper und Lil Wayne ;Männlich;Englisch ;HipHop/ Rap
41;2017;New Rules ;Dua Lipa ;Weiblich;Englisch ;Pop
42;2017;I Like Me Better;Lauv;Männlich;Englisch ;Pop
43;2017;Hot2Touch;Felix Jaehn, Hight und Alex Aiono ;Männlich;Englisch ;Electronic/ Dance 
44;2017;Call Me On ;Starley ;Weiblich;Englisch ;Pop
45;2017;Silence ;Marshmello feat. Khalid;Männlich;Englisch ;HipHop/ Rap
46;2017;2U;David Guetta feat. Justin Bieber ;Männlich;Englisch ;Electronic/ Dance 
47;2017;Martin Jensen ;Solo Dance ;Männlich;Englisch ;Electronic/ Dance 
48;2017;Sowieso ;Mark Forster ;Männlich;Deutsch ;Pop
49;2017;Bon Voyage ;Miami Yacine ;Männlich;Deutsch ;HipHop/ Rap
50;2017;Unendlichkeit ;Cro ;Männlich;Deutsch ;HipHop/ Rap
51;2017;Little Hollywood ;Alle Farben und Janieck ;Männlich;Englisch ;Pop
52;2017;Scared To Be Lonely ;Martin Garrix und Dua Lipa ;Gemischt;Englisch ;Pop
53;2017;Mask Off;Future ;Männlich;Englisch ;HipHop/ Rap
54;2017;Loin ;Maitra Gims feat. Dany Synthe ;Männlich;Französisch ;HipHop/ Rap
55;2017;Ist Da Jemand ;Adel Tawil ;Männlich;Deutsch ;Pop
56;2017;Skin ;Rag n Bone Man ;Männlich;Englisch ;R&B/ Soul 
57;2017;Stay ;Zedd und Alessia Cara ;Gemischt;Englisch ;Pop
58;2017;Nummer 1 ;Zuna feat. Azet und Noizy ;Männlich;Deutsch ;HipHop/ Rap
59;2017;Feels ;Calvin Harris feat. Pharrell Williams, Katy Perry und Big Sean ;Gemischt;Englisch ;Electronic/ Dance 
60;2017;Herzbeben ;Helene Fischer ;Weiblich;Deutsch ;Schlager 
61;2017;Way Down We Go ;Kaleo ;Männlich;Englisch ;Indie 
62;2017;Alone ;Alan Walker ;Männlich;Englisch ;Pop
63;2017;Chöre ;Mark Forster ;Männlich;Deutsch ;Pop
64;2017;Chained To The Rhythm ;Katy Perry feat. Skip Marley ;Gemischt;Englisch ;Pop
65;2017;Primo ;RAF Camora ;Männlich;Deutsch ;HipHop/ Rap
66;2017;Legendary ;Welshly Arms ;Gemischt;Englisch ;Indie 
67;2017;Bros ;Rin ;Männlich;Deutsch ;HipHop/ Rap
68;2017;Pretty Girl ;Maggie Lindemann ;Weiblich;Englisch ;Pop
69;2017;Louis Louis ;Kay One  ;Männlich;Deutsch ;HipHop/ Rap
70;2017;Glorious ;Macklemore feat. Skylar Grey;Gemischt;Englisch ;HipHop/ Rap
71;2017;Kontrollieren ;Monez MC und RAF Camora und Gzuz und Maxwell ;Männlich;Deutsch ;HipHop/ Rap
72;2017;Lambo Diablo GT;Capo feat. Nimo ;Männlich;Deutsch ;HipHop/ Rap
73;2017;Monica Belluci ;RIN ;Männlich;Deutsch ;HipHop/ Rap
74;2017;Nice Girl 2.0;Ufo361;Männlich;Deutsch ;HipHop/ Rap
75;2017;Sign Of The Times ;Harry Styles ;Männlich;Englisch ;Pop
76;2017;Feel It Still ;Portugal. The Man ;Männlich;Englisch ;Indie 
77;2017;Millionär;187 Strassenbande feat. Bonez MC und Gzuz;Männlich;Deutsch ;HipHop/ Rap
78;2017;All Time Low ;Jon Bellion ;Männlich;Englisch ;Pop
79;2017;Chasing Highs ;Alma [FI];Weiblich;Englisch ;Pop
80;2017;Shed A Light;Robin Schulz und David Guetta feat. Chead Codes ;Männlich;Englisch ;Electronic/ Dance 
81;2017;Look What You Made Me Do ;Taylor Swift ;Weiblich;Englisch ;Pop
82;2017;Murcielago;KC Rebell und Summer Cem;Männlich;Deutsch ;HipHop/ Rap
83;2017;No Lie ;Sean Paul feat. Dua Lipa ;Gemischt;Englisch ;Pop
84;2017;Hulapalu;Andreas Gabalier ;Männlich;Deutsch ;Schlager 
85;2017;Human ;Rag n Bone Man ;Männlich;Englisch ;Indie 
86;2017;Kleiner Cabron ;Veysel ;Männlich;Deutsch ;HipHop/ Rap
87;2017;Ya Salam ;Kurdo;Männlich;Deutsch ;HipHop/ Rap
88;2017;What Lovers Do ;Maroon 5 feat. SZA;Männlich;Englisch ;Pop
89;2017;Palmen Aus Plastik ;Monez MC und RAF Camora ;Männlich;Deutsch ;HipHop/ Rap
90;2017;Without You ;Avicii feat. Sandro Cavazza ;Männlich;Englisch ;Electronic/ Dance 
91;2017;Bad Ideas ;Alle Farben  ;Männlich;Englisch ;Electronic/ Dance 
92;2017;Never Give Up;Sia ;Weiblich;Englisch ;Pop
93;2017;Issues ;Julia Michaels ;Weiblich;Englisch ;Pop
94;2017;Now and Later;Sage The Gemini;Männlich;Englisch ;HipHop/ Rap
95;2017;Whatever It Takes ;Imagine Dragons ;Männlich;Englisch ;Pop
96;2017;Too Good At Goodbyes;Sam Smith ;Männlich;Englisch ;Pop
97;2017;Starboy;The Weekend feat. Daft Punk ;Männlich;Englisch ;R&B/ Soul 
98;2017;No Promises ;Cheat Codes feat. Demi Lovato;Gemischt;Englisch ;Pop
99;2017;Humble.;Kendrick Lamar;Männlich;Englisch ;HipHop/ Rap
100;2017;Chantaje;Shakrira feat. Maluma ;Weiblich;Spanisch ;Pop
1;2016;Faded;Alan Walker ;Männlich;Englisch ;Electronic/ Dance 
2;2016;Die Immer Lacht ;Stereoact feat. Kerstin Ott;Gemischt;Deutsch ;Electronic/ Dance 
3;2016;Cheap Thrills ;Sia feat. Sean Paul ;Gemischt;Englisch ;Electronic/ Dance 
4;2016;Dont Be So Shy (Filatov und Karas Remix);Imany ;Weiblich;Englisch ;Pop
5;2016;One Dance ;Drake feat. Wizkid und Kyla ;Gemischt;Englisch ;HipHop/ Rap
6;2016;This Girl ;Kungs vs. Cookin On 3 Burners ;Gemischt;Englisch ;Electronic/ Dance 
7;2016;Dont Let Me Down;The Chainsmokers feat. Daya;Gemischt;Englisch ;Electronic/ Dance 
8;2016;Stressed Out;Twenty One Pilots;Männlich;Englisch ;HipHop/ Rap
9;2016;Human ;Rag n Bone Man ;Männlich;Englisch ;Indie 
10;2016;Cant Stopp The Feeling!;Justin Timberlake  ;Männlich;Englisch ;Pop
11;2016;I Took A Pill In Ibiza ;Mike Posner ;Männlich;Englisch ;Electronic/ Dance 
12;2016;Love Yourself ;Justin Bieber  ;Männlich;Englisch ;Pop
13;2016;Fast Car ;Jonas Blue feat. Dakota ;Gemischt;Englisch ;Electronic/ Dance 
14;2016;The Sound Of Silence ;Disturbed;Männlich;Englisch ;Rock 
15;2016;Cold Water ;Major Lazer feat. Justin Bieber und MO ;Gemischt;Englisch ;Electronic/ Dance 
16;2016;Let Me Love You ;DJ Snake feat. Justin Bieber ;Männlich;Englisch ;Pop
17;2016;This Is What You Came For;Calvin Harris feat. Rihanna;Gemischt;Englisch ;Pop
18;2016;Closer;The Chainsmokers feat. Halsey;Gemischt;Englisch ;Electronic/ Dance 
19;2016;Me, Myseld and I;G-Easy und Bebe Rexha ;Gemischt;Englisch ;HipHop/ Rap
20;2016;Aint Your Mama ;Jennifer Lopez ;Weiblich;Englisch ;Pop
21;2016;Wer Sind Gross;Mark Forster ;Männlich;Deutsch ;Pop
22;2016;7 Years ;Lukas Graham ;Männlich;Englisch ;Pop
23;2016;Bonfire ;Felix Jaehn feat. Alma ;Gemischt;Englisch ;Electronic/ Dance 
24;2016;Treat You Better;Shawn Mendes ;Männlich;Englisch ;Pop
25;2016;Hulapalu;Andreas Gabalier ;Männlich;Deutsch ;Schlager 
26;2016;Please Tell Rosie ;Alle Farben feat. Younotus ;Männlich;Englisch ;Electronic/ Dance 
27;2016;The Ocean ;Mike Perry feat. Shy Martin ;Gemischt;Englisch ;Pop
28;2016;Hymn For The Weekend ;Coldplay;Männlich;Englisch ;Pop
29;2016;Light It Up (Remix) ;Major Lazer feat. Nyla und Fuse ODG;Gemischt;Englisch ;Electronic/ Dance 
30;2016;Work From Home ;Fifth Harmony feat. Ty Dolla $ign ;Gemischt;Englisch ;Pop
31;2016;80 Millionen ;Max Giesinger ;Männlich;Deutsch ;Pop
32;2016;Panda ;Desiigner ;Männlich;Englisch ;HipHop/ Rap
33;2016;I Hate U, I Love U;Gnash feat. Olivia Obrien ;Gemischt;Englisch ;Pop
34;2016;Heathens ;Twenty One Pilots;Männlich;Englisch ;Rock 
35;2016;Stitches;Shawn Mendes ;Männlich;Englisch ;Pop
36;2016;Cake By The Ocean ;DNCE;Gemischt;Englisch ;Pop
37;2016;No Money ;Galantis ;Männlich;Englisch ;Electronic/ Dance 
38;2016;Ahnma ;Beginner feat. Gzuz und Gentleman ;Männlich;Deutsch ;HipHop/ Rap
39;2016;Stimme ;EFF;Männlich;Deutsch ;Pop
40;2016;Geiles Leben ;Glasperlenspiel ;Gemischt;Deutsch ;Pop
41;2016;Holz;257ers;Männlich;Deutsch ;HipHop/ Rap
42;2016;This Ones For Fou;David Guetta feat. Zara Larsson ;Gemischt;Englisch ;Electronic/ Dance 
43;2016;Work   ;Rihanna feat. Drake ;Gemischt;Englisch ;Pop
44;2016;The Greatest;Sia feat. Kendrick Lamar;Gemischt;Englisch ;Pop
45;2016;Sex;Cheat Codes und Kris Kross Amsterdam ;Männlich;Englisch ;Pop
46;2016;Sucker For Pain ;Lil Wayne, Wiz Khalifa und Imagine Dragons feat. Logic, Ty Dolla $ign und X Ambassador;Männlich;Englisch ;Rock 
47;2016;Palmen Aus Plastik ;Bonez MC und RAF Camora ;Männlich;Deutsch ;HipHop/ Rap
48;2016;Sorry;Justin Bieber ;Männlich;Englisch ;Pop
49;2016;Starboy;The Weekend feat. Daft Punk ;Männlich;Englisch ;R&B/ Soul 
50;2016;Perfect Strangers ;Jonas Blue feat. JP Cooper ;Männlich;Englisch ;Electronic/ Dance 
51;2016;Sing Me To Sleep;Alan Walker ;Männlich;Englisch ;Electronic/ Dance 
52;2016;Catch and Release (Deepend Remix);Matt Simons ;Männlich;Englisch ;Pop
53;2016;Would I Lie To You;David Guetta, Cendric Gervais und Chris Willis ;Männlich;Englisch ;Electronic/ Dance 
54;2016;Lush Life ;Zara Larsson ;Weiblich;Englisch ;Pop
55;2016;Ohne Mein Team ;Bonez MC und RAF Camora feat. Maxwell ;Männlich;Deutsch ;HipHop/ Rap
56;2016;Home ;Topic feat. Nico Santos ;Männlich;Englisch ;Pop
57;2016;Bonbon ;Era Istrefi;Weiblich;Albanisch ;Pop 
58;2016;My Way ;Calvin Harris ;Männlich;Englisch ;Electronic/ Dance 
59;2016;Rockabye ;Clean Bandit feat. Sean Paul und Anne-Marie ;Gemischt;Englisch ;Electronic/ Dance 
60;2016;In The Name Of Love ;Martin Garrix und Bebe Rexha ;Gemischt;Englisch ;Pop
61;2016;Exs und Ohs ;Elle King;Weiblich;Englisch ;Rock 
62;2016;Duele el corazon;Enrique Iglesias feat. Wilsin ;Männlich;Spanisch ;Reggeaton 
63;2016;Final Song ;MO;Weiblich;Englisch ;Pop
64;2016;If I Were Sorry ;Frans ;Männlich;Englisch ;Electronic/ Dance 
65;2016;Too Good  ;Drake feat. Rihanna ;Gemischt;Englisch ;HipHop/ Rap
66;2016;Miracle ;Julian Perretta ;Männlich;Englisch ;R&B/ Soul 
67;2016;My House ;Flo Rida ;Männlich;Englisch ;HipHop/ Rap
68;2016;Spirits ;The Strumbellas ;Gemischt;Englisch ;Indie 
69;2016;Speeding Cars ;Walking On Cars ;Männlich;Englisch ;Indie 
70;2016;Hello ;Adele ;Weiblich;Englisch ;R&B/ Soul 
71;2016;Renegades ;X Ambassadors ;Männlich;Englisch ;Indie 
72;2016;Be The One ;Dua Lipa ;Weiblich;Englisch ;Pop
73;2016;Ride ;Twenty One Pilots;Männlich;Englisch ;HipHop/ Rap
74;2016;Hollande ;257ers ;Männlich;Deutsch ;HipHop/ Rap
75;2016;Show Me Love ;Robin Schulz und J.U.D.G.E.;Männlich;Englisch ;Electronic/ Dance 
76;2016;Chöre ;Mark Forster ;Männlich;Deutsch ;Pop
77;2016;Ich Will Nur Dass Du Weisst;SDP feat. Adel Tawil ;Männlich;Deutsch ;HipHop/ Rap
78;2016;Never Forget You ;Zara Larsson und MNEK;Gemischt;Englisch ;Pop
79;2016;Say You Wont Let Go;James Arthur;Männlich;Englisch ;Pop
80;2016;Sofia ;Alvaro Soler ;Männlich;Spanisch ;Pop 
81;2016;Musik Sein ;Wincent Weiss;Männlich;Deutsch ;Pop
82;2016;Sugar;Robin Schulz feat. Francesco Yates ;Männlich;Englisch ;Electronic/ Dance 
83;2016;Howling At The Moon ;Milow ;Männlich;Englisch ;Pop
84;2016;Sweet Lovin;Sigala feat. Bryn Christopher ;Männlich;Englisch ;Electronic/ Dance 
85;2016;Heatwave ;Robin Schulz feat. Akon ;Männlich;Englisch ;Electronic/ Dance 
86;2016;Roses ;The Chainsmokers feat. Rozes;Gemischt;Englisch ;Electronic/ Dance 
87;2016;Kokaina ;Miami Yacine ;Männlich;Deutsch ;HipHop/ Rap
88;2016;Pillowtalk ;Zayn ;Männlich;Englisch ;Pop
89;2016;Aint My Foult;Zara Larsson ;Weiblich;Englisch ;Pop
90;2016;Hundred Miles ;Yall feat. Gabriela Richardson ;Gemischt;Englisch ;Electronic/ Dance 
91;2016;Sex Ohne Grund ;Ali Bumaye feat. Shindy ;Männlich;Deutsch ;HipHop/ Rap
92;2016;No ;Meghan Trainor ;Weiblich;Englisch ;Pop
93;2016;Mercy ;Shawn Mendes ;Männlich;Englisch ;Pop
94;2016;Stoff und Schnaps ;Lil Kleine und Ronnie Flex ;Männlich;Deutsch ;Pop
95;2016;Capsize ;Frenship und Emily Warren ;Gemischt;Englisch ;Pop
96;2016;Side To Side ;Ariana Grande feat. Nicki Minaj;Weiblich;Englisch ;Electronic/ Dance 
97;2016;Astronaut ;Sido feat. Andreas Bourani ;Männlich;Deutsch ;HipHop/ Rap
98;2016;Mörder ;Bonez MC und RAF Camora feat. Gzuz ;Männlich;Deutsch ;HipHop/ Rap
99;2016;Wherever I Go ;OneRepublic;Männlich;Englisch ;Pop
100;2016;Just Like Fire ;P!nk ;Männlich;Englisch ;Pop
1;2015;Cheerleader (Felix Jaehn Remix);Omi;Männlich;Englisch ;Pop
2;2015;Are You With Me;Lost Frequencies  ;Männlich;Englisch ;Electronic/ Dance 
3;2015;Aint Nobody (Loves Me Better) ;Felix Jaehn feat. Jasmine Thompson ;Gemischt;Englisch ;Electronic/ Dance 
4;2015;Love Me Like You Do ;Elli Goulding ;Weiblich;Englisch ;Pop
5;2015;Lean On ;Major Lazer und DJ Snake ;Gemischt;Englisch ;Electronic/ Dance 
6;2015;Astronaut ;Sido feat. Andreas Bourani ;Weiblich;Englisch ;Electronic/ Dance 
7;2015;Hello ;Adele ;Weiblich;Englisch ;R&B/ Soul 
8;2015;Sugar;Robin Schulz feat. Francesco Yates ;Männlich;Englisch ;Electronic/ Dance 
9;2015;See You Again ;Wiz Khalifa feat. Charlie Puth ;Männlich;Englisch ;HipHop/ Rap
10;2015;Firestone ;Kygo feat. Conrad ;Männlich;Englisch ;Electronic/ Dance 
11;2015;Wolke 4;Philipp Dittberner und Marv ;Männlich;Deutsch ;Pop
12;2015;Lieblingsmensch ;Namika  ;Weiblich;Deutsch ;Pop
13;2015;Wie Schön Du Bist ;Sarah Connor ;Weiblich;Deutsch ;Pop
14;2015;Reality ;Lost Frequencies feat. Janieck Devy ;Männlich;Englisch ;Electronic/ Dance 
15;2015;Supergirl ;Anna Naklab feat. Alle Farben und Younotus ;Gemischt;Englisch ;Electronic/ Dance 
16;2015;Want To Want Me ;Jason Derulo  ;Männlich;Englisch ;Electronic/ Dance 
17;2015;Unter Meiner Haut ;Gestört aber Geil und Koby Funk feat. Wincent Weiss ;Männlich;Deutsch ;Electronic/ Dance 
18;2015;Photograph ;Ed Sheeran ;Männlich;Englisch ;Pop
19;2015;Headlights ;Robin Schulz feat. Ilsey ;Gemischt;Englisch ;Electronic/ Dance 
20;2015;Stole The Show ;Kygo feat. Parson James ;Männlich;Englisch ;Electronic/ Dance 
21;2015;Dont Worry ;Madcon feat. Parson James ;Männlich;Englisch ;Pop
22;2015;Uptown Funk!;Mark Ronson feat. Bruno Mars ;Männlich;Englisch ;Funk 
23;2015;Bye Bye ;Cro ;Männlich;Deutsch ;HipHop/ Rap
24;2015;Geiles Leben ;Glasperlenspiel ;Gemischt;Deutsch ;Pop
25;2015;FourFiveSeconds ;Rihanna, Kanye West und Paul McCartney ;Gemischt;Englisch ;Pop
26;2015;Herz Über Kopf ;Joris ;Männlich;Deutsch ;Pop
27;2015;So Wie Du Bist ;MoTrip feat. Lary ;Gemischt;Deutsch ;HipHop/ Rap
28;2015;How Deep Is The Love ;Calvin Harris und Disciples;Männlich;Englisch ;Electronic/ Dance 
29;2015;The Hanging Tree ;James Newton Howard feat. Jennifer Lawrence ;Gemischt;Englisch ;Pop
30;2015;Take Me To Church ;Hozier ;Männlich;Englisch ;Indie 
31;2015;Intoxicated ;Martin Solveig und GTA ;Männlich;Englisch ;Electronic/ Dance 
32;2015;Waiting für Love ;Avicii  ;Männlich;Englisch ;Electronic/ Dance 
33;2015;Hold Back The River ;James Bay ;Männlich;Englisch ;Indie 
34;2015;Hey Mama ;David Guetta feat. Nicki Minaj und Afrojack ;Gemischt;Englisch ;Electronic/ Dance 
35;2015;Shut Up and Dance ;Walk The Moon ;Männlich;Englisch ;Pop
36;2015;Flash mich ;Mark Forster ;Männlich;Deutsch ;Pop
37;2015;Avenir ;Louane ;Weiblich;Französisch ;Pop
38;2015;King ;Years and Years ;Männlich;Englisch ;Pop
39;2015;Goodbye;Feder feat. Lyse;Gemischt;Englisch ;Electronic/ Dance 
40;2015;Outside ;Calvin Harris feat. Ellie Goulding ;Gemischt;Englisch ;Electronic/ Dance 
41;2015;El perdon ;Nicky Jam und Enrique Iglesias ;Männlich;Spanisch ;Reggeaton 
42;2015;What Do You Mean? ;Justin Bieber ;Männlich;Englisch ;Pop
43;2015;Thinking Out Loud ;Ed Sheeran ;Männlich;Englisch ;Pop
44;2015;Ghost Town ;Adam Lambert ;Männlich;Englisch ;Electronic/ Dance 
45;2015;Walk ;Kwabs ;Männlich;Englisch ;R&B/ Soul 
46;2015;Auf Anderen Wegen ;Andreas Bourani ;Männlich;Deutsch ;Pop
47;2015;Cant Feel My Face ;The Weeknd  ;Männlich;Englisch ;R&B/ Soul 
48;2015;Locked Away;R City und Adam Levine ;Männlich;Englisch ;Pop
49;2015;Worth It ;Fifth Harmony feat. Kid Ink ;Gemischt;Englisch ;Pop
50;2015;Atemlos Durch Die Nacht ;Helene Fischer ;Weiblich;Deutsch ;Schlager 
51;2015;Ich Will Nur Dass Du Weisst;SDP feat. Adel Tawil ;Männlich;Deutsch ;HipHop/ Rap
52;2015;Sorry ;Justin Bieber ;Männlich;Englisch ;Pop
53;2015;Wish You Were Here ;Philip George ;Männlich;Englisch ;Pop
54;2015;The Hills ;The Weeknd  ;Männlich;Englisch ;Electronic/ Dance 
55;2015;Book Of Love ;Felix Jaehn feat. Polina ;Gemischt;Englisch ;Electronic/ Dance 
56;2015;Lush Life ;Zara Larsson ;Weiblich;Englisch ;Pop
57;2015;G.D.F.R.;Flo Rida feat. Sage The Gemini und Lookas ;Männlich;Englisch ;HipHop/ Rap
58;2015;Sun Goes Down ;Robin Schulz feat. Jasmine Thompson ;Gemischt;Englisch ;Electronic/ Dance 
59;2015;Five More Hours ;Deorro und Chris Brown;Männlich;Englisch ;Electronic/ Dance 
60;2015;Bills ;LunchMoney Lewis ;Männlich;Englisch ;Pop
61;2015;Im An Albatraoz;Aaron Chupa ;Männlich;Englisch ;Electronic/ Dance 
62;2015;Easy Love ;Sigala  ;Männlich;Englisch ;Electronic/ Dance 
63;2015;Cool Kids ;Echosmith ;Gemischt;Englisch ;Indie 
64;2015;All Of Me ;John Legend ;Männlich;Englisch ;R&B/ Soul 
65;2015;Break The Rules ;Charli XCX;Weiblich;Englisch ;Pop
66;2015;I Really Like You ;Carly Rea Jepsen ;Weiblich;Englisch ;Pop
67;2015;Dangerous ;David Guetta feat Sam Smith ;Männlich;Englisch ;Electronic/ Dance 
68;2015;Lips Are Movin;Meghan Trainor ;Weiblich;Englisch ;Pop
69;2015;Traffic Lights ;Lena ;Weiblich;Englisch ;Pop
70;2015;Catch and Release (Deepend Remix);Matt Simons ;Männlich;Englisch ;Pop
71;2015;Wild and Free ;Lena ;Weiblich;Englisch ;Pop
72;2015;Up ;Olly Murs feat. Demi Lovato ;Gemischt;Englisch ;Pop
73;2015;Ayo ;Chris Brown und Tyga ;Männlich;Englisch ;HipHop/ Rap
74;2015;Whre Are Ü Now ;Skrillex und Diplo feat. Justin Bieber ;Männlich;Englisch ;Electronic/ Dance 
75;2015;I Dont Like I It, I Love It;Flo Rida feat. Robin Thicke und Verdine White ;Männlich;Englisch ;HipHop/ Rap
76;2015;Auf Uns ;Andreas Bourani ;Männlich;Deutsch ;Pop
77;2015;Marvin Gaye ;Charlie Puth feat. Meghan Trainor ;Gemischt;Englisch ;Pop
78;2015;Hula Hoop ;Omi;Männlich;Englisch ;Electronic/ Dance 
79;2015;Alles brennt ;Johannes Oerding ;Männlich;Deutsch ;Pop
80;2015;Blank Space ;Taylor Swift ;Weiblich;Englisch ;Pop
81;2015;The Nights ;Avicii;Männlich;Englisch ;Electronic/ Dance 
82;2015;The Avener ;Fade out Lines ;Gemischt;Englisch ;Electronic/ Dance 
83;2015;What I Did For Love ;David Guetta feat . Emily Sande ;Gemischt;Englisch ;Electronic/ Dance 
84;2015;Riva (Restart The Game) ;Klingande feat. Broken Back ;Männlich;Englisch ;Electronic/ Dance 
85;2015;You Know You Like It ;DJ Snake und AlunaGeorge ;Gemischt;Englisch ;Electronic/ Dance 
86;2015;On My Mind ;Ellie Goulding ;Weiblich;Englisch ;Pop
87;2015;Holiday ;DJ Antoine feat. Akon ;Männlich;Englisch ;Electronic/ Dance 
88;2015;Ich und Du ;Gestört aber Geil feat. Sebastian Hämer ;Männlich;Deutsch ;Electronic/ Dance 
89;2015;Earned It ;The Weeknd  ;Männlich;Englisch ;R&B/ Soul 
90;2015;Bauch und Kopf ;Mark Forster ;Männlich;Deutsch ;Pop
91;2015;El mismo sol ;Alvaro Soler ;Männlich;Spanisch ;Pop
92;2015;Lucifer ;XOV;Männlich;Englisch ;Pop
93;2015;Show Me Love ;Robin Schulz und J.U.D.G.E.;Männlich;Englisch ;Electronic/ Dance 
94;2015;Pray To God ;Calvin Harris feat. Haim ;Gemischt;Englisch ;Electronic/ Dance 
95;2015;Heartbeat Song ;Kelly Clarkson ;Weiblich;Englisch ;Pop
96;2015;Time Of Our Lives ;Pitbull und Ne-Yo;Männlich;Englisch ;Pop
97;2015;Hurra Die Welt Geht Unter ;K.I.Z. feat. Henning May ;Männlich;Deutsch ;HipHop/ Rap
98;2015;Love Yourself ;Justin Bieber ;Männlich;Englisch ;Pop
99;2015;Au revoir ;Mark Forster feat. Sido ;Männlich;Deutsch ;Pop
100;2015;Prayer in C (Robin Schulz Remix) ;Lilly Wood and The Prick und Robin Schulz ;Gemischt;Englisch ;Electronic/ Dance 
1;2014;Atemlos Durch Die Nacht ;Helene Fischer ;Weiblich;Deutsch ;Schlager 
2;2014;Happy ;Pharrell Williams ;Männlich;Englisch ;Pop
3;2014;Waves (Robin Schulz Remix);Mr Probz;Männlich;Englisch ;HipHop/ Rap
4;2014;Aus Uns ;Andreas Bourani ;Männlich;Deutsch ;Pop
5;2014;Au revoir ;Mark Forster feat. Sido ;Männlich;Deutsch ;Pop
6;2014;Prayer in C (Robin Schulz Remix) ;Lilly Wood and The Prick und Robin Schulz ;Gemischt;Englisch ;Electronic/ Dance 
7;2014;Rather Be ;Clean Bandit feat. Jess Glynne ;Gemischt;Englisch ;Electronic/ Dance 
8;2014;I See Fire ;Ed Sheeran ;Männlich;Englisch ;Pop
9;2014;Traum ;Cro ;Männlich;Deutsch ;HipHop/ Rap
10;2014;Love Runs Out ;One Republic ;Männlich;Englisch ;Pop
11;2014;Dark Horse ;Katy Perry feat. Juicy J ;Gemischt;Englisch ;Pop
12;2014;All About That Bass ;Meghan Trainor ;Weiblich;Englisch ;Pop
13;2014;When The Beast Drops Out ;Marlon Roudette ;Männlich;Englisch ;Pop
14;2014;Lovers On The Sun ;David Guetta feat. Sam Martin ;Männlich;Englisch ;Electronic/ Dance 
15;2014;Budapest ;George Ezra ;Männlich;Englisch ;Pop
16;2014;All Of Me ;John Legend ;Männlich;Englisch ;R&B/ Soul 
17;2014;Summer ;Calvin Harris ;Männlich;Englisch ;Electronic/ Dance 
18;2014;Am I Wrong ;Nico und Vinz ;Männlich;Englisch ;Pop
19;2014;Timber ;Pitbull feat. Ke$ha ;Gemischt;Englisch ;HipHop/ Rap
20;2014;Hideaway ;Kiesza ;Weiblich;Englisch ;Electronic/ Dance 
21;2014;One Day (Vandaag) ;Bakermat ;Männlich;Englisch ;Electronic/ Dance 
22;2014;Calm After The Storm ;The Common Linnets ;Gemischt;Englisch ;Pop
23;2014;Addicted To You ;Avicii;Männlich;Englisch ;Electronic/ Dance 
24;2014;Ich Lass Für Dich Das Licht An ;Revolverheld ;Männlich;Deutsch ;Pop
25;2014;Lieder ;Adel Tawil ;Männlich;Deutsch ;Pop
26;2014;Dangerous ;David Guetta feat. Sam Martin ;Männlich;Englisch ;Electronic/ Dance 
27;2014;Riptide ;Vance Joy ;Männlich;Englisch ;Indie 
28;2014;Changes ;Faul and Wad vs. Pnau ;Männlich;Englisch ;Electronic/ Dance 
29;2014;Sun Goes Down ;Robin Schulz feat. Jasmine Thompson ;Gemischt;Englisch ;Electronic/ Dance 
30;2014;My Love ;Route 94 feat. Jess Glynne ;Gemischt;Englisch ;Electronic/ Dance 
31;2014;Fade Out Lines ;The Avener ;Gemischt;Englisch ;Electronic/ Dance 
32;2014;Nobody to Love ;Sigma ;Gemischt;Englisch ;Electronic/ Dance 
33;2014;A Sky Full Of Stars ;Coldplay;Männlich;Englisch ;Pop
34;2014;Wiggle ;Jason Derulo feat. Snoop Dogg ;Männlich;Englisch ;R&B/ Soul 
35;2014;Stay With Me ;Sam Smith ;Männlich;Englisch ;R&B/ Soul 
36;2014;She Moves (Far Away) ;Alle Farben feat. Graham Candy ;Männlich;Englisch ;Pop
37;2014;Ghost  ;Ella Henderson ;Weiblich;Englisch ;Pop
38;2014;Wicked Wonderland ;Martin Tungevaag ;Männlich;Englisch ;Electronic/ Dance 
39;2014;Shake It Off;Taylor Swift ;Weiblich;Englisch ;Pop
40;2014;Blame ;Calvin Harris feat. John Newman ;Männlich;Englisch ;Electronic/ Dance 
41;2014;We Are One (Ole Ola);Pitbull feat. Jennifer Lopez und Claudia Leitte ;Gemischt;Englisch ;Pop
42;2014;Geronimo ;Sheppard;Gemischt;Englisch ;HipHop/ Rap
43;2014;Chandelier ;Sia ;Weiblich;Englisch ;Pop
44;2014;Sing  ;Ed Sheeran ;Männlich;Englisch ;Pop
45;2014;Animals ;Martin Garrix ;Männlich;Englisch ;Electronic/ Dance 
46;2014;Is It Right ;Elaiza ;Weiblich;Englisch ;Pop
47;2014;Stolen Dance ;Milky Chance ;Männlich;Englisch ;Indie 
48;2014;Kids (2 Finger an den Kopf) ;Materia ;Männlich;Deutsch ;HipHop/ Rap
49;2014;Jubel ;Klingande  ;Männlich;Englisch ;Electronic/ Dance 
50;2014;Dont ;Ed Sheeran ;Männlich;Englisch ;Pop
51;2014;Cant Remember To Forget You ;Shakira feat. Rihanna ;Männlich;Englisch ;Pop
52;2014;Hard Out Here ;Lily Allen ;Männlich;Englisch ;Pop
53;2014;Walk ;Kwabs ;Männlich;Englisch ;R&B/ Soul 
54;2014;Rude ;Magic!;Männlich;Englisch ;Pop
55;2014;Bad ;David Guetta und Showtek feat. Vassy ;Gemischt;Englisch ;Electronic/ Dance 
56;2014;Auf Anderen Wegen ;Andreas Bourani ;Männlich;Deutsch ;Pop
57;2014;Demons ;Imagine Dragons ;Männlich;Englisch ;Pop
58;2014;Liebe ;Sido  ;Männlich;Deutsch ;Schlager 
59;2014;Amoi seg ma uns wieder ;Andreas Gaballier ;Männlich;Deutsch ;HipHop/ Rap
60;2014;Avicii ;Hey Brother ;Männlich;Englisch ;Electronic/ Dance 
61;2014;Take Me To Church ;Hozier ;Männlich;Englisch ;Indie 
62;2014;Money On My Mind ;Sam Smith ;Männlich;Englisch ;R&B/ Soul 
63;2014;Of The Night ;Bastille ;Männlich;Englisch ;Pop
64;2014;The One ;Aneta Sablik ;Weiblich;Englisch ;Pop
65;2014;Problem ;Ariana Grande feat. Iggy Azalea ;Weiblich;Englisch ;Pop
66;2014;Habits ;Tove Lo ;Weiblich;Englisch ;Pop
67;2014;Liar Liar ;Cris Cab ;Männlich;Englisch ;Pop
68;2014;Lass Uns Gehen ;Revolverheld ;Männlich;Deutsch ;Pop
69;2014;Shot Me Down ;David Guetta feat. Skylar Grey ;Gemischt;Englisch ;Electronic/ Dance 
70;2014;Maps ;Maroon 5 ;Männlich;Englisch ;Pop
71;2014;Magic ;Coldplay ;Männlich;Englisch ;Pop
72;2014;OMG!;Materia ;Männlich;Deutsch ;HipHop/ Rap
73;2014;Love Never felt So Good ;Michael Jackson und Justin Timberlake ;Männlich;Englisch ;Pop
74;2014;The Hanging Tree ;James Newton Howard feat. Jennifer Lawrence ;Gemischt;Englisch ;Pop
75;2014;Superheroes ;The Script ;Männlich;Englisch ;Pop
76;2014;Dare (La La La) ;Shakria ;Weiblich;Englisch ;Pop
77;2014;The Monster ;Eminem fest. Rihanna ;Gemischt;Englisch ;HipHop/ Rap
78;2014;I Got U;Duke Dumont feat. Jax Jones ;Gemischt;Englisch ;Electronic/ Dance 
79;2014;Team ;Lorde ;Weiblich;Englisch ;Pop
80;2014;Bang Bang ;Jassie J, Ariana Grande und Nicki Minaj ;Weiblich;Englisch ;Pop
81;2014;Bad Chick ;Cro ;Männlich;Deutsch ;HipHop/ Rap
82;2014;Im An Albatraoz;Aaron Chupa ;Männlich;Englisch ;Electronic/ Dance 
83;2014;Do They Know Ist Christmas (Deutsche Version/ 2014);Band Aid 30 ;Gemischt;Englisch ;Pop
84;2014;Break Free;Ariana Grande feat. Zedd;Gemischt;Englisch ;Pop
85;2014;Animals ;Maroon 5;Männlich;Englisch ;Pop
86;2014;White Walls;Macklemore und Ryan Lewis feat. Schoolboy Q und Hollis ;Gemischt;Englisch ;HipHop/ Rap
87;2014;I Will Never Let You Down ;Rita Ora ;Gemischt;Englisch ;R&B/ Soul 
88;2014;The Days ;Avicii;Männlich;Englisch ;Electronic/ Dance 
89;2014;Willst du;Alligathoah ;Männlich;Deutsch ;HipHop/ Rap
90;2014;Netzwerk (Falls Like rain) ;Klangkarussell ;Männlich;Englisch ;Electronic/ Dance 
91;2014;St. Pauli ;Jan Delay ;Männlich;Deutsch ;HipHop/ Rap
92;2014;Wake Me Up!;Avicii ;Männlich;Englisch ;Electronic/ Dance 
93;2014;Heart To Heart ;James Blunt ;Männlich;Englisch ;Pop
94;2014;Tsunami ;DVBBS und Borgeus ;Männlich;Englisch ;Electronic/ Dance 
95;2014;Back Home ;Fritz Kalkbrenner ;Männlich;Englisch ;Electronic/ Dance 
96;2014;Story Of My Life ;One Direction ;Männlich;Englisch ;Pop
97;2014;Turn Down For What ;DJ Snake and Lil Jon ;Männlich;Englisch ;Electronic/ Dance 
98;2014;Royals ;Lorde ;Weiblich;Englisch ;Pop
99;2014;Stay The Night ;Zedd feat. Hayley Williams ;Gemischt;Englisch ;Electronic/ Dance 
100;2014;Thinking Out Loud ;Ed Sheeran ;Männlich;Englisch ;Pop
